{"cameraMode":{"drawMode":0,"name":"Shaded","section":"Shading Mode"},"sceneLighting":false,"audioPlay":false,"sceneViewState":{"m_AlwaysRefresh":false,"showFog":true,"showSkybox":false,"showFlares":true,"showImageEffects":true,"showParticleSystems":true,"showVisualEffectGraphs":true,"m_FxEnabled":true},"in2DMode":false,"pivot":{"x":0.3044569492340088,"y":2.6644399166107179,"z":0.11127680540084839},"rotation":{"x":0.08561505377292633,"y":0.9075494408607483,"z":-0.34315937757492068,"w":0.2264259308576584},"size":0.4643780291080475,"orthographic":false}