{"cameraMode":{"drawMode":0,"name":"Shaded","section":"Shading Mode"},"sceneLighting":false,"audioPlay":false,"sceneViewState":{"m_AlwaysRefresh":false,"showFog":true,"showSkybox":false,"showFlares":true,"showImageEffects":true,"showParticleSystems":true,"showVisualEffectGraphs":true,"m_FxEnabled":true},"in2DMode":false,"pivot":{"x":-1.3385529518127442,"y":0.16803942620754243,"z":-0.2597518861293793},"rotation":{"x":0.0027786141727119686,"y":0.9948605895042419,"z":-0.09669744968414307,"w":0.028661565855145456},"size":2.4184799194335939,"orthographic":false}