{"cameraMode":{"drawMode":0,"name":"Shaded","section":"Shading Mode"},"sceneLighting":false,"audioPlay":false,"sceneViewState":{"m_AlwaysRefresh":false,"showFog":true,"showSkybox":false,"showFlares":true,"showImageEffects":true,"showParticleSystems":true,"showVisualEffectGraphs":true,"m_FxEnabled":true},"in2DMode":false,"pivot":{"x":-2.2730796337127687,"y":1.4146671295166016,"z":-0.4797939956188202},"rotation":{"x":0.009812590666115284,"y":0.9862962365150452,"z":-0.14930936694145204,"w":0.06660039722919464},"size":1.4072437286376954,"orthographic":false}