{"cameraMode":{"drawMode":0,"name":"Shaded","section":"Shading Mode"},"sceneLighting":false,"audioPlay":false,"sceneViewState":{"m_AlwaysRefresh":false,"showFog":true,"showSkybox":false,"showFlares":true,"showImageEffects":true,"showParticleSystems":true,"showVisualEffectGraphs":true,"m_FxEnabled":true},"in2DMode":false,"pivot":{"x":351.0382385253906,"y":353.9014892578125,"z":17.54022216796875},"rotation":{"x":0.07043523341417313,"y":0.013466095551848412,"z":-0.0009509007795713842,"w":0.9974256753921509},"size":92.45491790771485,"orthographic":false}