{"cameraMode":{"drawMode":0,"name":"Shaded","section":"Shading Mode"},"sceneLighting":false,"audioPlay":false,"sceneViewState":{"m_AlwaysRefresh":false,"showFog":true,"showSkybox":false,"showFlares":true,"showImageEffects":true,"showParticleSystems":true,"showVisualEffectGraphs":true,"m_FxEnabled":true},"in2DMode":false,"pivot":{"x":125.99234008789063,"y":106.99659729003906,"z":11.66285228729248},"rotation":{"x":0.13903602957725526,"y":-0.08894243836402893,"z":0.012226622551679612,"w":0.9859986901283264},"size":209.37332153320313,"orthographic":false}