{"cameraMode":{"drawMode":0,"name":"Shaded","section":"Shading Mode"},"sceneLighting":false,"audioPlay":false,"sceneViewState":{"m_AlwaysRefresh":false,"showFog":true,"showSkybox":false,"showFlares":true,"showImageEffects":true,"showParticleSystems":true,"showVisualEffectGraphs":true,"m_FxEnabled":true},"in2DMode":false,"pivot":{"x":0.23322945833206178,"y":-1.4220654964447022,"z":0.05926060676574707},"rotation":{"x":0.030762284994125367,"y":-0.9570429921150208,"z":0.2664150595664978,"w":0.1104535385966301},"size":1.82427179813385,"orthographic":false}