{"cameraMode":{"drawMode":0,"name":"Shaded","section":"Shading Mode"},"sceneLighting":true,"audioPlay":false,"sceneViewState":{"m_AlwaysRefresh":false,"showFog":true,"showSkybox":true,"showFlares":true,"showImageEffects":true,"showParticleSystems":true,"showVisualEffectGraphs":true,"m_FxEnabled":true},"in2DMode":false,"pivot":{"x":-0.5031194686889648,"y":4.488043308258057,"z":-0.6871185302734375},"rotation":{"x":0.0009255534969270229,"y":0.9949297308921814,"z":-0.014032242819666863,"w":0.09754516184329987},"size":7.952762126922607,"orthographic":false}