{"cameraMode":{"drawMode":0,"name":"Shaded","section":"Shading Mode"},"sceneLighting":true,"audioPlay":false,"sceneViewState":{"m_AlwaysRefresh":false,"showFog":true,"showSkybox":true,"showFlares":true,"showImageEffects":true,"showParticleSystems":true,"showVisualEffectGraphs":true,"m_FxEnabled":true},"in2DMode":false,"pivot":{"x":1.952002763748169,"y":16.376211166381837,"z":-3.0603766441345217},"rotation":{"x":-0.0005120828282088041,"y":0.99931800365448,"z":0.03176281601190567,"w":0.014041551388800145},"size":3.94498610496521,"orthographic":false}