{"cameraMode":{"drawMode":0,"name":"Shaded","section":"Shading Mode"},"sceneLighting":true,"audioPlay":false,"sceneViewState":{"m_AlwaysRefresh":false,"showFog":true,"showSkybox":true,"showFlares":true,"showImageEffects":true,"showParticleSystems":true,"showVisualEffectGraphs":true,"m_FxEnabled":true},"in2DMode":false,"pivot":{"x":73.9223861694336,"y":27.741687774658204,"z":-67.62017822265625},"rotation":{"x":-0.0002544669550843537,"y":-0.9986985325813294,"z":0.050976868718862537,"w":-0.005087288096547127},"size":92.08983612060547,"orthographic":false}