{"cameraMode":{"drawMode":0,"name":"Shaded","section":"Shading Mode"},"sceneLighting":true,"audioPlay":false,"sceneViewState":{"m_AlwaysRefresh":false,"showFog":true,"showSkybox":true,"showFlares":true,"showImageEffects":true,"showParticleSystems":true,"showVisualEffectGraphs":true,"m_FxEnabled":true},"in2DMode":false,"pivot":{"x":37.955108642578128,"y":31.67595672607422,"z":-125.85464477539063},"rotation":{"x":-0.000045356395276030526,"y":0.9999417066574097,"z":-0.010500594973564148,"w":-0.004499494563788176},"size":104.47908782958985,"orthographic":false}