{"cameraMode":{"drawMode":0,"name":"Shaded","section":"Shading Mode"},"sceneLighting":true,"audioPlay":false,"sceneViewState":{"m_AlwaysRefresh":false,"showFog":true,"showSkybox":true,"showFlares":true,"showImageEffects":true,"showParticleSystems":true,"showVisualEffectGraphs":true,"m_FxEnabled":true},"in2DMode":false,"pivot":{"x":6.792717456817627,"y":13.295443534851075,"z":-4.828648567199707},"rotation":{"x":0.008537350222468377,"y":0.9914559125900269,"z":-0.08978225290775299,"w":0.09427374601364136},"size":18.210983276367189,"orthographic":false}