{"cameraMode":{"drawMode":0,"name":"Shaded","section":"Shading Mode"},"sceneLighting":true,"audioPlay":false,"sceneViewState":{"m_AlwaysRefresh":false,"showFog":true,"showSkybox":true,"showFlares":true,"showImageEffects":true,"showParticleSystems":true,"showVisualEffectGraphs":true,"m_FxEnabled":true},"in2DMode":false,"pivot":{"x":41.20188903808594,"y":36.99470138549805,"z":-40.93650817871094},"rotation":{"x":0.0002666715008672327,"y":-0.9995801448822022,"z":-0.01049695536494255,"w":-0.02960117720067501},"size":33.151607513427737,"orthographic":false}