{"cameraMode":{"drawMode":0,"name":"Shaded","section":"Shading Mode"},"sceneLighting":true,"audioPlay":false,"sceneViewState":{"m_AlwaysRefresh":false,"showFog":true,"showSkybox":true,"showFlares":true,"showImageEffects":true,"showParticleSystems":true,"showVisualEffectGraphs":true,"m_FxEnabled":true},"in2DMode":false,"pivot":{"x":3.7207276821136476,"y":15.567607879638672,"z":-5.30825138092041},"rotation":{"x":0.013380301184952259,"y":0.9815753102302551,"z":0.07493153214454651,"w":-0.1752711981534958},"size":5.309789180755615,"orthographic":false}