{"cameraMode":{"drawMode":0,"name":"Shaded","section":"Shading Mode"},"sceneLighting":true,"audioPlay":false,"sceneViewState":{"m_AlwaysRefresh":false,"showFog":true,"showSkybox":true,"showFlares":true,"showImageEffects":true,"showParticleSystems":true,"showVisualEffectGraphs":true,"m_FxEnabled":true},"in2DMode":false,"pivot":{"x":45.10872268676758,"y":36.88588333129883,"z":25.117403030395509},"rotation":{"x":0.0006276373751461506,"y":-0.9965459704399109,"z":-0.007472944911569357,"w":-0.08299654722213745},"size":17.35447883605957,"orthographic":false}