{"cameraMode":{"drawMode":0,"name":"Shaded","section":"Shading Mode"},"sceneLighting":false,"audioPlay":false,"sceneViewState":{"m_AlwaysRefresh":false,"showFog":true,"showSkybox":false,"showFlares":true,"showImageEffects":true,"showParticleSystems":true,"showVisualEffectGraphs":true,"m_FxEnabled":true},"in2DMode":false,"pivot":{"x":-4.258777141571045,"y":-0.008053064346313477,"z":-1.934605598449707},"rotation":{"x":0.00861556176096201,"y":-0.9801070094108582,"z":0.193581223487854,"w":0.043549470603466037},"size":3.7595717906951906,"orthographic":false}