{"cameraMode":{"drawMode":0,"name":"Shaded","section":"Shading Mode"},"sceneLighting":false,"audioPlay":false,"sceneViewState":{"m_AlwaysRefresh":false,"showFog":true,"showSkybox":false,"showFlares":true,"showImageEffects":true,"showParticleSystems":true,"showVisualEffectGraphs":true,"m_FxEnabled":true},"in2DMode":false,"pivot":{"x":0.8460725545883179,"y":0.9556119441986084,"z":-0.06127861142158508},"rotation":{"x":0.001390770310536027,"y":-0.9985240697860718,"z":0.029965132474899293,"w":0.04587094858288765},"size":1.827633261680603,"orthographic":false}