{"cameraMode":{"drawMode":0,"name":"Shaded","section":"Shading Mode"},"sceneLighting":false,"audioPlay":false,"sceneViewState":{"m_AlwaysRefresh":false,"showFog":true,"showSkybox":false,"showFlares":true,"showImageEffects":true,"showParticleSystems":true,"showVisualEffectGraphs":true,"m_FxEnabled":true},"in2DMode":false,"pivot":{"x":2.6864523887634279,"y":-0.23663097620010377,"z":-3.525937080383301},"rotation":{"x":-0.009113986045122147,"y":-0.9138495326042175,"z":0.020568393170833589,"w":-0.40546557307243349},"size":5.0036444664001469,"orthographic":false}