{"cameraMode":{"drawMode":0,"name":"Shaded","section":"Shading Mode"},"sceneLighting":false,"audioPlay":false,"sceneViewState":{"m_AlwaysRefresh":false,"showFog":true,"showSkybox":false,"showFlares":true,"showImageEffects":true,"showParticleSystems":true,"showVisualEffectGraphs":true,"m_FxEnabled":true},"in2DMode":false,"pivot":{"x":-3.92221736907959,"y":0.3977174162864685,"z":2.6740710735321047},"rotation":{"x":0.001390770310536027,"y":-0.9985240697860718,"z":0.029965132474899293,"w":0.04587094858288765},"size":3.9928290843963625,"orthographic":false}