{"cameraMode":{"drawMode":0,"name":"Shaded","section":"Shading Mode"},"sceneLighting":false,"audioPlay":false,"sceneViewState":{"m_AlwaysRefresh":false,"showFog":true,"showSkybox":false,"showFlares":true,"showImageEffects":true,"showParticleSystems":true,"showVisualEffectGraphs":true,"m_FxEnabled":true},"in2DMode":false,"pivot":{"x":0.4438803195953369,"y":-2.9663238525390627,"z":-0.07240515947341919},"rotation":{"x":-0.03632369637489319,"y":-0.6918795704841614,"z":0.7202691435813904,"w":-0.03489274904131889},"size":3.3951728343963625,"orthographic":false}