{"cameraMode":{"drawMode":0,"name":"Shaded","section":"Shading Mode"},"sceneLighting":false,"audioPlay":false,"sceneViewState":{"m_AlwaysRefresh":false,"showFog":true,"showSkybox":false,"showFlares":true,"showImageEffects":true,"showParticleSystems":true,"showVisualEffectGraphs":true,"m_FxEnabled":true},"in2DMode":false,"pivot":{"x":0.37412774562835696,"y":0.35322120785713198,"z":0.46989354491233828},"rotation":{"x":0.004316524136811495,"y":0.9789133667945862,"z":-0.20300137996673585,"w":0.020856443792581559},"size":1.9488149881362916,"orthographic":false}