{"cameraMode":{"drawMode":0,"name":"Shaded","section":"Shading Mode"},"sceneLighting":false,"audioPlay":false,"sceneViewState":{"m_AlwaysRefresh":false,"showFog":true,"showSkybox":false,"showFlares":true,"showImageEffects":true,"showParticleSystems":true,"showVisualEffectGraphs":true,"m_FxEnabled":true},"in2DMode":false,"pivot":{"x":0.2692248523235321,"y":0.6684930324554443,"z":1.6660780906677247},"rotation":{"x":-0.04646531119942665,"y":-0.02787373587489128,"z":0.0012960366439074278,"w":-0.9985352158546448},"size":2.2821848392486574,"orthographic":false}