{"cameraMode":{"drawMode":0,"name":"Shaded","section":"Shading Mode"},"sceneLighting":false,"audioPlay":false,"sceneViewState":{"m_AlwaysRefresh":false,"showFog":true,"showSkybox":false,"showFlares":true,"showImageEffects":true,"showParticleSystems":true,"showVisualEffectGraphs":true,"m_FxEnabled":true},"in2DMode":false,"pivot":{"x":-0.46209484338760378,"y":0.20800824463367463,"z":0.0019802749156951906},"rotation":{"x":-0.014348275028169155,"y":0.9816662073135376,"z":-0.17075127363204957,"w":-0.08192702382802963},"size":0.6249189972877502,"orthographic":false}