{"cameraMode":{"drawMode":0,"name":"Shaded","section":"Shading Mode"},"sceneLighting":false,"audioPlay":false,"sceneViewState":{"m_AlwaysRefresh":false,"showFog":true,"showSkybox":false,"showFlares":true,"showImageEffects":true,"showParticleSystems":true,"showVisualEffectGraphs":true,"m_FxEnabled":true},"in2DMode":false,"pivot":{"x":-0.1659657508134842,"y":3.2555906772613527,"z":-4.797572135925293},"rotation":{"x":-0.0000026844500098377468,"y":0.9999997019767761,"z":0.0014999429695308209,"w":0.0015002049040049315},"size":10.128622055053711,"orthographic":false}