{"cameraMode":{"drawMode":0,"name":"Shaded","section":"Shading Mode"},"sceneLighting":false,"audioPlay":false,"sceneViewState":{"m_AlwaysRefresh":false,"showFog":true,"showSkybox":false,"showFlares":true,"showImageEffects":true,"showParticleSystems":true,"showVisualEffectGraphs":true,"m_FxEnabled":true},"in2DMode":false,"pivot":{"x":-1.2437561750411988,"y":0.8569905757904053,"z":0.9909181594848633},"rotation":{"x":0.01883864402770996,"y":0.9754974842071533,"z":-0.19875922799110413,"w":0.09246017038822174},"size":4.751881122589111,"orthographic":false}