{"cameraMode":{"drawMode":0,"name":"Shaded","section":"Shading Mode"},"sceneLighting":false,"audioPlay":false,"sceneViewState":{"m_AlwaysRefresh":false,"showFog":true,"showSkybox":false,"showFlares":true,"showImageEffects":true,"showParticleSystems":true,"showVisualEffectGraphs":true,"m_FxEnabled":true},"in2DMode":false,"pivot":{"x":-12.160063743591309,"y":1.5859415531158448,"z":-2.435960054397583},"rotation":{"x":-0.010829852893948555,"y":0.9816374182701111,"z":-0.057844582945108417,"w":-0.18059484660625459},"size":1.0946656465530396,"orthographic":false}