{"cameraMode":{"drawMode":0,"name":"Shaded","section":"Shading Mode"},"sceneLighting":false,"audioPlay":false,"sceneViewState":{"m_AlwaysRefresh":false,"showFog":true,"showSkybox":false,"showFlares":true,"showImageEffects":true,"showParticleSystems":true,"showVisualEffectGraphs":true,"m_FxEnabled":true},"in2DMode":false,"pivot":{"x":-5.000058650970459,"y":-0.09137541055679321,"z":5.072600364685059},"rotation":{"x":0.00034780503483489156,"y":0.972745418548584,"z":-0.23187009990215302,"w":0.0014591242652386428},"size":3.9928290843963625,"orthographic":false}