{"cameraMode":{"drawMode":0,"name":"Shaded","section":"Shading Mode"},"sceneLighting":false,"audioPlay":false,"sceneViewState":{"m_AlwaysRefresh":false,"showFog":true,"showSkybox":false,"showFlares":true,"showImageEffects":true,"showParticleSystems":true,"showVisualEffectGraphs":true,"m_FxEnabled":true},"in2DMode":false,"pivot":{"x":-3.4013209342956545,"y":-0.7814927101135254,"z":-1.71504545211792},"rotation":{"x":-0.014422964304685593,"y":-0.9563504457473755,"z":0.28799498081207278,"w":-0.04795136675238609},"size":3.5970041751861574,"orthographic":false}