{"cameraMode":{"drawMode":0,"name":"Shaded","section":"Shading Mode"},"sceneLighting":false,"audioPlay":false,"sceneViewState":{"m_AlwaysRefresh":false,"showFog":true,"showSkybox":false,"showFlares":true,"showImageEffects":true,"showParticleSystems":true,"showVisualEffectGraphs":true,"m_FxEnabled":true},"in2DMode":false,"pivot":{"x":-2.4575014114379885,"y":0.03105391561985016,"z":-0.16658149659633637},"rotation":{"x":0.01208325382322073,"y":0.9851676821708679,"z":-0.15180984139442445,"w":0.07845532894134522},"size":1.0198204517364503,"orthographic":false}