{"cameraMode":{"drawMode":0,"name":"Shaded","section":"Shading Mode"},"sceneLighting":false,"audioPlay":false,"sceneViewState":{"m_AlwaysRefresh":false,"showFog":true,"showSkybox":false,"showFlares":true,"showImageEffects":true,"showParticleSystems":true,"showVisualEffectGraphs":true,"m_FxEnabled":true},"in2DMode":false,"pivot":{"x":-0.3975934684276581,"y":0.1859816163778305,"z":0.33120959997177126},"rotation":{"x":-0.005591506604105234,"y":0.9894636869430542,"z":-0.03982163593173027,"w":-0.13862939178943635},"size":0.6682798862457275,"orthographic":false}