{"cameraMode":{"drawMode":0,"name":"Shaded","section":"Shading Mode"},"sceneLighting":false,"audioPlay":false,"sceneViewState":{"m_AlwaysRefresh":false,"showFog":true,"showSkybox":false,"showFlares":true,"showImageEffects":true,"showParticleSystems":true,"showVisualEffectGraphs":true,"m_FxEnabled":true},"in2DMode":false,"pivot":{"x":3.0471019744873049,"y":1.7884358167648316,"z":-10.537801742553711},"rotation":{"x":0.004504756070673466,"y":0.9838742017745972,"z":-0.025097960606217386,"w":0.1771915704011917},"size":7.9217400550842289,"orthographic":false}