{"cameraMode":{"drawMode":0,"name":"Shaded","section":"Shading Mode"},"sceneLighting":false,"audioPlay":false,"sceneViewState":{"m_AlwaysRefresh":false,"showFog":true,"showSkybox":false,"showFlares":true,"showImageEffects":true,"showParticleSystems":true,"showVisualEffectGraphs":true,"m_FxEnabled":true},"in2DMode":false,"pivot":{"x":0.371623694896698,"y":-3.933743953704834,"z":3.1996023654937746},"rotation":{"x":-0.38472381234169009,"y":0.06664317101240158,"z":-0.027862809598445894,"w":-0.9202017188072205},"size":3.5967257022857668,"orthographic":false}