{"cameraMode":{"drawMode":0,"name":"Shaded","section":"Shading Mode"},"sceneLighting":false,"audioPlay":false,"sceneViewState":{"m_AlwaysRefresh":false,"showFog":true,"showSkybox":false,"showFlares":true,"showImageEffects":true,"showParticleSystems":true,"showVisualEffectGraphs":true,"m_FxEnabled":true},"in2DMode":false,"pivot":{"x":-1.2299416065216065,"y":1.7591854333877564,"z":-0.9826545715332031},"rotation":{"x":-0.0003831746580544859,"y":-0.9969750642776489,"z":0.07792322337627411,"w":-0.00507856672629714},"size":4.100689888000488,"orthographic":false}