{"cameraMode":{"drawMode":0,"name":"Shaded","section":"Shading Mode"},"sceneLighting":false,"audioPlay":false,"sceneViewState":{"m_AlwaysRefresh":false,"showFog":true,"showSkybox":false,"showFlares":true,"showImageEffects":true,"showParticleSystems":true,"showVisualEffectGraphs":true,"m_FxEnabled":true},"in2DMode":false,"pivot":{"x":-5.0000152587890629,"y":-7.662247657775879,"z":2.660191535949707},"rotation":{"x":0.001390770310536027,"y":-0.9985240697860718,"z":0.029965132474899293,"w":0.04587094858288765},"size":37.56608200073242,"orthographic":false}